ACCURACY,MODEL
0.6600000262260437,5_layer_CNN
0.753333330154419,10_layer_CNN
