ACCURACY,MODEL
0.7233333587646484,10_layer_CNN
0.7333333492279053,5_layer_CNN
